Data Structure,Insert Time,Delete Time
list,1.1999945854768157e-06,1.1000010999850929e-06
set,1.2000018614344299e-06,1.600004907231778e-06
